{
  "main": {
    "id": "22f9002d83aad736",
    "type": "split",
    "children": [
      {
        "id": "dd6f987938b501a3",
        "type": "tabs",
        "children": [
          {
            "id": "3e96c0cae59ae305",
            "type": "leaf",
            "state": {
              "type": "markdown",
              "state": {
                "file": "Installation.md",
                "mode": "source",
                "source": false
              },
              "icon": "lucide-file",
              "title": "Installation"
            }
          },
          {
            "id": "201db8c62ab27ce6",
            "type": "leaf",
            "state": {
              "type": "markdown",
              "state": {
                "file": "0. Links.md",
                "mode": "source",
                "source": false
              },
              "icon": "lucide-file",
              "title": "0. Links"
            }
          },
          {
            "id": "7d7006059de4422c",
            "type": "leaf",
            "state": {
              "type": "markdown",
              "state": {
                "file": "HF.md",
                "mode": "source",
                "source": false
              },
              "icon": "lucide-file",
              "title": "HF"
            }
          },
          {
            "id": "407ab5db64b26c1a",
            "type": "leaf",
            "state": {
              "type": "markdown",
              "state": {
                "file": "HF.md",
                "mode": "preview",
                "source": false
              },
              "icon": "lucide-file",
              "title": "HF"
            }
          },
          {
            "id": "c4cae38470169a40",
            "type": "leaf",
            "state": {
              "type": "markdown",
              "state": {
                "file": "0. Links.md",
                "mode": "source",
                "source": false
              },
              "icon": "lucide-file",
              "title": "0. Links"
            }
          }
        ],
        "currentTab": 4
      }
    ],
    "direction": "vertical"
  },
  "left": {
    "id": "d97f792a4481451a",
    "type": "split",
    "children": [
      {
        "id": "36e7e00a4fd6d5da",
        "type": "tabs",
        "children": [
          {
            "id": "5325d1a126445983",
            "type": "leaf",
            "state": {
              "type": "file-explorer",
              "state": {
                "sortOrder": "alphabetical"
              },
              "icon": "lucide-folder-closed",
              "title": "Files"
            }
          },
          {
            "id": "7ce29fa699142ebe",
            "type": "leaf",
            "state": {
              "type": "search",
              "state": {
                "query": "",
                "matchingCase": false,
                "explainSearch": false,
                "collapseAll": false,
                "extraContext": false,
                "sortOrder": "alphabetical"
              },
              "icon": "lucide-search",
              "title": "Search"
            }
          },
          {
            "id": "1b058420cd6bb11e",
            "type": "leaf",
            "state": {
              "type": "bookmarks",
              "state": {},
              "icon": "lucide-bookmark",
              "title": "Bookmarks"
            }
          }
        ]
      }
    ],
    "direction": "horizontal",
    "width": 300
  },
  "right": {
    "id": "d39ca67c7d33ab3d",
    "type": "split",
    "children": [
      {
        "id": "6d2397152f4e6807",
        "type": "tabs",
        "children": [
          {
            "id": "ec725649e3419528",
            "type": "leaf",
            "state": {
              "type": "backlink",
              "state": {
                "file": "0. Links.md",
                "collapseAll": false,
                "extraContext": false,
                "sortOrder": "alphabetical",
                "showSearch": false,
                "searchQuery": "",
                "backlinkCollapsed": false,
                "unlinkedCollapsed": true
              },
              "icon": "links-coming-in",
              "title": "Backlinks for 0. Links"
            }
          },
          {
            "id": "6a7293185704218b",
            "type": "leaf",
            "state": {
              "type": "outgoing-link",
              "state": {
                "file": "0. Links.md",
                "linksCollapsed": false,
                "unlinkedCollapsed": true
              },
              "icon": "links-going-out",
              "title": "Outgoing links from 0. Links"
            }
          },
          {
            "id": "1828002474eb23d0",
            "type": "leaf",
            "state": {
              "type": "tag",
              "state": {
                "sortOrder": "frequency",
                "useHierarchy": true
              },
              "icon": "lucide-tags",
              "title": "Tags"
            }
          },
          {
            "id": "2ac6064ac96d59a0",
            "type": "leaf",
            "state": {
              "type": "outline",
              "state": {
                "file": "0. Links.md"
              },
              "icon": "lucide-list",
              "title": "Outline of 0. Links"
            }
          }
        ]
      }
    ],
    "direction": "horizontal",
    "width": 300,
    "collapsed": true
  },
  "left-ribbon": {
    "hiddenItems": {
      "switcher:Open quick switcher": false,
      "graph:Open graph view": false,
      "canvas:Create new canvas": false,
      "daily-notes:Open today's daily note": false,
      "templates:Insert template": false,
      "command-palette:Open command palette": false
    }
  },
  "active": "c4cae38470169a40",
  "lastOpenFiles": [
    "0.0. Installation.md",
    "Benchmark.md",
    "Pasted image 20241127144728.png",
    "Pasted image 20241127144626.png",
    "HF.md",
    "Untitled 1.md",
    "0. Links.md",
    "assets/Pasted image 20241127110358.png",
    "assets",
    "assets/Pasted image 20241120184631.png",
    "Notepad++.lnk"
  ]
}